,,,,,,,,,,,,,,,,,,,,,,,,,,,,,,,,,,,,,,,,
resnumber,E484K1,E484K2,E484K3,E484K-J,K417T1,K417T2,K417T3,K417T-J,K417N1,K417N2,K417N3,K417N-J,L452Q+F490S1,L452Q+F490S2,L452Q+F490S3,L452Q+F490S-J,R346K1,R346K2,R346K3,R346K-J,F490S1,F490S2,F490S3,F490S-J,G446V1,G446V2,G446V3,G446V-J,N439K1,N439K2,N439K3,N439K-J,F490L1,F490L2,F490L3,F490L-J,Y508H1,Y508H2,Y508H3,Y508H-J
438,"0,5354","0,5313","0,6189","0,5908","0,5419","0,5564","0,6168","0,6027","0,5371","0,6038","0,55","0,636","0,6162","0,5517","0,5828","0,6768","0,6006","0,5669","0,6254","0,6091","0,5909","0,6624","0,5828","0,6329","0,5433","0,5171","0,4919","0,5592","0,59","0,4756","0,5499","0,5891","0,557","0,8307","0,6421","0,753","0,5744","0,5841","0,5603","0,5954"
439,"0,5867","0,5731","0,7211","0,669","0,6217","0,7203","0,7695","0,7245","0,618","0,7512","0,6408","0,7696","0,677","0,7153","0,6399","0,7723","0,6893","0,6953","0,775","0,7278","0,6838","0,7288","0,6298","0,7661","0,6435","0,68","0,5787","0,6632","0,7429","0,5593","0,6515","0,7265","0,575","0,9882","0,7669","0,8351","0,6731","0,6817","0,6453","0,6931"
440,"0,8123","0,8132","1,0187","0,8946","0,8342","1,0289","1,182","1,116","0,8271","1,1503","0,833","1,0206","0,8726","0,9688","0,8247","0,9716","0,914","0,9187","1,069","0,9824","0,8863","0,9841","0,8425","1,0007","0,9515","0,8688","0,8014","0,899","0,9381","0,7452","0,8603","0,9172","0,8091","1,2289","1,0328","1,1515","0,9521","0,8859","0,9162","0,9433"
441,"0,7396","0,7335","0,8231","0,7936","0,7377","0,8108","0,8745","0,8288","0,7592","0,8556","0,7156","0,8399","0,8459","0,7922","0,7201","0,8811","0,7821","0,7727","0,8541","0,8126","0,7578","0,8591","0,7659","0,8601","0,7301","0,7633","0,6956","0,7692","0,8276","0,6639","0,7195","0,7939","0,7493","1,1188","0,9028","1,1289","0,7648","0,7177","0,7419","0,8029"
442,"0,6015","0,6033","0,581","0,6305","0,5828","0,5824","0,7628","0,7104","0,6222","0,6184","0,5411","0,627","0,7195","0,5915","0,5618","0,7441","0,6075","0,623","0,6121","0,6212","0,5598","0,694","0,6562","0,6835","0,6072","0,5802","0,5287","0,6105","0,6568","0,5076","0,5416","0,5889","0,58","1,0099","0,6514","0,9434","0,5554","0,5779","0,5593","0,6177"
443,"0,6864","0,6871","0,6223","0,7651","0,6891","0,6241","0,9798","0,9178","0,7046","0,7179","0,6538","0,7302","0,8255","0,7314","0,641","0,8523","0,7203","0,7633","0,6973","0,7384","0,6084","0,7696","0,734","0,7771","0,6607","0,6914","0,6266","0,6948","0,7919","0,606","0,6499","0,704","0,6276","1,1311","0,7069","0,9586","0,6465","0,7208","0,6437","0,7286"
444,"0,9091","0,9349","0,7934","1,0905","0,9183","0,7976","1,6453","1,4883","0,8962","1,0162","1,0653","1,0536","1,0528","0,8558","0,767","1,0023","0,8895","0,9644","0,8675","0,9383","0,8181","0,9261","0,9503","1,052","0,9019","0,8869","0,8228","0,9429","1,3241","0,7328","0,842","1,0227","0,7598","1,3529","0,9881","1,2921","0,8446","0,8367","0,8379","0,9606"
445,"1,246","1,3455","0,9728","1,55","1,0459","0,9355","2,444","2,3091","1,2263","1,2823","1,3547","1,3611","1,2669","1,0982","0,9791","1,236","1,1039","1,1222","1,1486","1,1614","0,9319","1,1538","1,3619","1,3015","1,0884","1,1136","1,0137","1,2302","1,7599","0,9719","1,0982","1,4622","0,9421","1,5998","1,285","1,5367","1,1253","1,0282","1,0839","1,1703"
446,"1,4249","1,5866","1,1465","1,9014","1,1983","1,0985","3,0592","2,8006","1,4336","1,3941","1,5128","1,5297","1,4124","1,2269","1,1444","1,395","1,2269","1,2571","1,2907","1,2935","1,1818","1,3009","1,5856","1,5948","1,5703","1,26","1,1978","1,9955","1,9491","1,0751","1,2569","2,0901","1,0982","1,7687","2,5647","2,3683","1,2764","1,1485","1,1029","1,3526"
447,"1,0804","1,2511","0,8898","1,3108","0,9674","0,8293","2,9764","3,18","1,1038","1,0717","1,1673","1,1788","1,1223","0,9261","0,855","1,0893","0,9585","0,9977","0,9766","1,0111","0,8916","1,0579","1,2271","1,25","2,1504","0,9753","1,2142","2,4191","1,6297","0,8253","0,9797","2,5922","0,8374","1,4728","3,1402","2,7407","0,9945","0,8743","0,8382","1,0722"
448,"0,8152","0,9592","0,7226","0,9195","0,7758","0,6659","2,5068","1,6964","0,8926","0,8232","0,8935","0,9111","0,9852","0,7677","0,7249","0,9605","0,7887","0,7861","0,7938","0,8238","0,6845","0,9496","0,9332","0,9364","1,3775","0,8","0,966","1,5461","1,451","0,6825","0,7709","1,1383","0,7037","1,3155","1,358","1,4876","0,8123","0,7393","0,7096","0,9074"
449,"0,9431","1,1689","0,8607","1,0986","1,048","0,715","1,8169","1,4896","1,0425","0,965","1,0291","1,0436","1,2174","0,9554","0,8693","1,1345","1,1721","0,9055","0,906","1,0245","0,7616","1,163","1,0769","1,1236","1,3201","0,9795","0,906","1,3015","1,3176","0,8322","0,9008","1,1831","0,8371","1,4519","1,1298","1,3967","0,9792","0,9072","0,8533","0,9935"
450,"0,872","1,0587","0,9048","0,9978","1,0416","0,8443","1,2902","1,1863","0,9898","1,0144","0,8991","1,0057","1,1362","0,8782","0,8267","1,0961","1,0384","0,8356","0,8673","0,9364","0,8954","1,0718","0,9899","1,1582","1,056","0,9077","0,8358","0,9962","1,1693","0,7884","0,8234","1,1948","0,8383","1,355","1,1875","1,402","0,8135","0,8342","0,9363","0,9122"
451,"0,6655","0,7892","0,6467","0,7193","0,6872","0,5416","0,6429","0,7459","0,7403","0,7686","0,6119","0,7539","0,8927","0,6501","0,6689","0,8678","0,7174","0,6501","0,7125","0,7052","0,6055","0,8707","0,8039","0,8315","0,6435","0,7395","0,5949","0,744","0,6606","0,599","0,6477","0,7982","0,6371","1,1358","0,6367","1,1399","0,6322","0,6559","0,6725","0,6636"
452,"0,728","0,965","0,7055","0,8393","0,6849","0,5514","0,5889","0,7052","0,806","0,7548","0,6454","0,7637","0,9723","0,7086","0,8028","0,9536","0,7669","0,7107","0,8147","0,7829","0,6626","1,0201","0,8825","0,9194","0,7317","0,9916","0,6357","0,8947","0,6066","0,663","0,7259","0,736","0,7244","1,2305","0,7355","1,2651","0,6775","0,7084","0,7303","0,7138"
453,"0,6822","0,9155","0,6894","0,8078","0,6439","0,4804","0,5421","0,7005","0,7664","0,7181","0,6122","0,7304","0,8679","0,6321","0,7299","0,8355","0,7359","0,6431","0,7294","0,7362","0,6178","0,9775","0,798","0,8483","0,7146","0,953","0,5739","0,819","0,562","0,6208","0,689","0,7145","0,6757","1,0899","0,7302","1,2215","0,5867","0,617","0,673","0,6389"
454,"0,6388","0,9039","0,6297","0,7626","0,6185","0,4636","0,4689","0,618","0,693","0,5941","0,5321","0,647","0,8855","0,6211","0,7008","0,8951","0,6437","0,6088","0,5937","0,666","0,5305","0,9704","0,8571","0,8889","0,6079","0,7545","0,5084","0,6761","0,5249","0,5675","0,6313","0,6278","0,6491","1,1312","0,6167","1,3655","0,5436","0,5103","0,6057","0,6197"
455,"0,7196","1,1067","0,7857","0,9313","0,7172","0,5613","0,5451","0,6739","0,7331","0,6553","0,6064","0,7012","0,9618","0,7605","0,818","1,03","0,7143","0,7647","0,6272","0,7398","0,6938","1,0632","0,9833","0,9998","0,7453","0,8836","0,606","0,7949","0,6481","0,6877","0,6931","0,7588","0,7892","1,2574","0,6615","1,4423","0,6719","0,5802","0,7166","0,718"
456,"0,9237","1,2631","0,8676","1,0764","0,8262","0,772","0,6871","0,7883","0,6531","0,7267","0,7423","0,7519","1,0089","1,0168","0,9601","1,2523","0,9472","1,02","0,7899","0,9447","0,7762","1,1553","1,1371","1,1995","0,7925","0,9123","0,6651","0,8609","0,7402","0,7314","0,8829","0,8959","0,8455","1,2661","0,7203","1,6101","0,8509","0,7005","0,8306","0,855"
457,"0,9422","1,1841","0,8965","1,0646","0,8159","0,6323","0,7311","0,7699","0,8317","0,8841","0,7194","0,907","1,0707","0,9674","0,9061","1,1735","0,8921","0,923","0,7882","0,9139","0,8935","1,1857","1,133","1,2272","0,7793","1,0626","0,7161","0,9663","0,7492","0,8744","0,9005","1,0207","0,7434","1,2592","0,7867","1,4894","0,8033","0,7761","0,8374","0,8613"
458,"1,1611","1,4599","1,2134","1,3231","1,0884","0,8205","1,0211","1,0798","1,3125","1,195","0,882","1,3437","1,3233","1,1698","1,1797","1,384","1,0634","1,1125","1,0233","1,0909","1,1737","1,4218","1,3689","1,5402","1,0129","1,4307","0,9518","1,2792","0,9879","1,1797","1,1153","1,3113","0,929","1,4776","1,0663","1,6067","1,0176","1,057","1,0854","1,1836"
459,"1,0264","1,2969","1,2266","1,2248","1,0041","0,7306","1,0576","1,0648","1,0846","1,1249","0,8765","1,1125","1,2237","1,0736","1,0086","1,2167","0,9629","0,9916","0,9673","1,0281","0,9812","1,2591","1,2461","1,3466","0,9799","1,6471","0,874","1,3293","0,8914","1,0017","1,0728","1,218","0,849","1,3677","0,9252","1,5487","1,0906","0,926","0,9456","1,099"
460,"0,8929","1,0885","1,0701","1,0695","0,8525","0,6235","0,8183","0,9309","0,7761","0,9109","0,7475","0,8568","1,0737","0,9542","0,85","1,0999","0,7825","0,8548","0,8279","0,8992","0,7909","1,0856","1,0509","1,1062","1,0005","1,5093","0,7464","1,2211","0,7756","0,8179","0,9496","1,0112","0,7403","1,2045","0,8068","1,487","1,0244","0,733","0,8106","0,9334"
461,"0,7733","0,9798","0,8017","0,9217","0,7677","0,6055","0,7459","0,9168","0,8595","0,9142","0,6775","0,8956","1,0419","0,9182","0,8043","1,1773","0,8144","0,772","0,829","0,9047","0,7095","0,9674","0,9383","0,9537","1,0817","1,463","0,688","1,2136","0,7934","0,7456","0,9073","0,9271","0,7021","1,1902","0,8608","1,4864","1,0194","0,692","0,7818","0,8661"
462,"0,8379","1,0584","0,8708","1,0264","0,8628","0,7012","0,8556","0,9704","0,922","0,9877","0,7389","0,9802","1,0569","0,9618","0,8938","1,2941","0,8778","0,8535","0,8792","0,9514","0,7377","1,0101","0,9726","0,9549","0,9954","1,5452","0,7728","1,2876","0,916","0,8428","1,0022","1,0106","0,8023","1,2801","0,8862","1,4606","0,9899","0,8091","0,7915","0,948"
463,"0,7622","1,0376","0,807","0,9259","0,9555","0,6467","0,7863","0,917","0,8767","1,0517","0,8142","1,0081","0,9708","0,8125","0,7973","1,0417","0,8522","0,7791","0,889","0,8857","0,696","0,9333","0,847","0,8599","0,9528","1,5033","0,6791","1,2111","0,7583","0,7793","0,8881","0,8816","0,7142","1,0671","0,8808","1,258","0,8667","0,7421","0,7491","0,8547"
464,"0,8498","1,1469","0,8833","0,9955","1,4276","0,6041","0,9108","1,1719","0,9069","1,3208","0,926","1,1866","0,9379","0,7103","0,7798","1,0563","0,8843","0,7395","0,9737","0,9828","0,6506","1,0091","0,8133","0,8761","0,9593","1,5658","0,6552","1,3632","0,7228","0,8934","1,0405","0,9816","0,7334","1,1588","0,9345","1,2816","0,7208","0,8462","0,751","1,0319"
465,"0,9678","1,0441","0,8341","1,0352","1,2616","0,6804","0,9199","1,1418","0,9733","1,1553","0,8078","1,231","1,0138","0,8683","0,9094","1,3883","0,9453","0,7662","1,006","1,1885","0,7073","1,052","0,9879","0,9886","0,9926","1,5167","0,7165","1,5153","0,91","0,9453","1,2877","1,2579","0,8129","1,2857","1,0125","1,421","0,7855","0,9661","0,8078","1,2399"
466,"1,0182","0,9165","0,7146","1,1076","1,1369","0,5735","0,8596","1,1466","0,9927","0,9932","0,7478","1,1626","1,0376","0,7897","0,8302","1,3138","0,9796","0,7448","1,0459","1,2502","0,6535","1,0533","0,9518","1,0618","1,0000","1,6591","0,6337","1,5848","0,8392","0,7946","1,3318","1,2077","0,8031","1,1767","1,1077","1,5565","0,7223","1,1311","0,8631","1,3167"
467,"1,1225","1,0302","0,8088","1,3285","0,9807","0,5509","0,7887","1,0899","1,0831","0,9886","0,7482","1,6599","1,0503","0,7978","0,8269","1,2875","0,9487","0,7148","1,0186","1,2176","0,7286","1,1408","1,1396","1,3771","0,8171","1,4001","0,6244","1,2864","0,8018","0,7422","1,0425","1,1385","0,7871","1,2919","1,0933","1,333","0,7402","1,1774","1,0037","1,2253"
468,"1,7666","1,6641","1,2796","2,0372","1,592","0,6342","0,7977","1,6995","1,75","1,3382","0,8245","2,2615","1,9317","0,9254","1,3824","2,4306","1,159","0,8862","1,3739","1,4622","0,7676","1,5986","1,7812","2,45","1,0675","2,2942","0,6493","2,2522","1,3112","0,6992","1,2543","1,7369","1,4616","1,7322","1,2941","2,3588","0,8583","1,7502","1,8457","2,535"
469,"1,452","1,4589","1,1862","1,5354","1,6954","0,6613","0,8044","1,3974","1,5513","1,0831","0,8482","1,5702","1,8126","0,8023","1,2727","1,7577","1,0923","0,909","1,2675","1,2512","0,862","1,5983","1,7572","1,9666","0,9079","1,7224","0,6774","1,6242","1,2706","0,7242","1,0531","1,2856","1,1611","1,767","1,2312","1,9808","0,8477","1,1311","1,6816","1,6037"
470,"1,5146","1,4258","1,2474","1,8358","1,3565","0,7071","0,7953","1,3339","1,3387","1,0353","0,8401","1,4978","1,6902","0,9071","1,8305","2,2502","1,0771","0,9173","1,1962","1,1343","1,0918","1,3653","1,7796","2,31","0,9162","1,4878","0,714","1,437","1,0018","0,756","1,0782","1,1183","1,1923","1,6689","1,1652","2,1568","0,8464","0,9064","1,1844","1,3682"
471,"1,341","1,5746","1,333","1,5592","1,3466","0,7965","0,8568","1,1994","1,2547","0,937","0,8951","1,2061","1,6712","0,9113","1,8563","2,377","1,1517","0,975","1,1704","1,1597","1,2411","1,7599","1,7852","2,1523","1,0298","1,66","0,7396","1,4375","1,4133","0,8199","1,0355","1,2252","1,0636","1,5197","1,2387","2,0426","0,9388","0,8018","1,2526","1,258"
472,"0,9914","1,2452","0,9773","1,1881","0,9848","0,6541","0,7457","0,9624","1,0471","0,8229","0,7359","0,9444","1,0448","0,7881","1,0735","1,3643","0,9781","0,8162","1,0245","0,9909","0,936","1,1606","1,2123","1,2986","0,874","1,3501","0,6356","1,1373","1,0379","0,7277","0,8788","0,9833","0,7668","1,6751","1,0636","1,517","0,8108","0,745","1,0602","0,998"
473,"1,2254","1,3491","0,9379","1,2855","1,004","0,6589","0,7262","0,9413","1,0134","0,8409","0,7445","0,8986","1,6517","0,8816","1,2989","1,9637","1,0471","0,8397","0,9781","0,9963","0,9255","1,6337","1,4381","1,6677","0,8767","1,4377","0,6691","1,188","0,936","0,7425","0,8774","0,9454","0,8728","2,195","0,9943","1,7032","0,7995","0,7409","1,0746","1,033"
474,"1,6043","1,8666","1,1909","1,6796","1,2505","0,9004","0,969","1,2458","1,4446","1,1687","0,9899","1,2485","2,3188","1,3239","1,9592","2,6708","1,3106","1,1641","1,2997","1,3358","1,2296","2,1734","1,8712","2,0724","1,1882","1,7605","0,9108","1,541","1,0869","1,0154","1,202","1,2031","1,2503","3,2711","1,3996","2,5995","1,0398","0,9833","1,5589","1,3771"
475,"2,2087","2,2267","1,5538","2,1855","1,5555","1,1851","1,2518","1,5114","1,7911","1,5153","1,2982","1,6169","2,9015","1,7146","2,9883","3,6397","1,6716","1,5704","1,4892","1,6463","1,7339","2,9204","2,4729","2,9398","1,4732","2,0364","1,242","1,8311","1,3879","1,2997","1,5202","1,4889","1,7116","6,03","1,6561","4,9339","1,3213","1,2699","2,3196","1,8466"
476,"3,0589","3,0238","2,1662","2,9392","2,0328","1,6692","1,7047","2,0475","2,4439","2,0262","1,8046","2,1988","3,8968","2,3054","3,8157","4,6218","2,1907","2,0607","2,0306","2,1972","2,2089","3,6104","3,2712","3,543","1,9638","2,5552","1,7045","2,4047","1,8729","1,8473","2,0264","2,0183","2,2613","7,0111","2,2573","6,0704","1,7997","1,7263","2,816","2,29"
477,"3,1221","3,4728","2,5238","3,2236","2,3808","2,0108","1,9901","2,3933","2,8124","2,3535","2,0747","2,5231","4,8088","2,7748","4,0786","5,2742","2,6052","2,4389","2,4394","2,6327","2,4889","4,2942","4,091","4,0786","2,307","2,9211","2,0825","2,7878","2,1724","2,1561","2,4203","2,3963","2,607","6,575","2,6657","6,2718","2,1233","1,9777","3,183","2,6121"
478,"2,5214","3,1773","2,2585","2,859","2,3484","1,8706","1,9278","2,3156","2,6673","2,2389","1,9509","2,3891","4,3669","2,6082","3,3894","4,4353","2,4107","2,3037","2,3775","2,4907","2,2525","4,0313","3,8628","3,6724","2,2055","2,7991","1,8904","2,6106","2,0531","1,9617","2,3147","2,2729","2,3813","4,6066","2,6298","4,8281","1,9923","1,8832","2,716","2,2989"
479,"2,4774","2,7994","1,9561","2,6252","2,0842","1,646","1,6847","2,0657","2,3819","1,9136","1,7526","2,0946","3,6287","2,2913","2,7945","3,4575","2,1487","2,0016","2,1243","2,201","1,9058","3,5179","3,3634","3,1275","1,9877","2,504","1,645","2,3417","1,7988","1,7366","2,041","2,0148","2,0142","5,4088","2,3209","4,8726","1,7712","1,6524","2,4269","2,0771"
480,"1,8017","2,1161","1,4382","1,9501","1,5851","1,1852","1,2567","1,5865","1,8315","1,4644","1,2902","1,6324","2,5941","1,6874","1,9713","2,381","1,6498","1,4555","1,6881","1,6902","1,3575","2,7049","2,5749","2,4156","1,4931","1,934","1,1986","1,7913","1,3394","1,2855","1,4803","1,4752","1,4875","4,205","1,8424","3,5803","1,324","1,2363","1,7132","1,5315"
481,"2,2699","2,6641","1,9568","2,4525","2,223","1,6403","1,7178","2,1192","2,3052","1,8248","1,805","2,1005","3,0979","2,2471","2,8789","2,9833","2,1665","1,9065","2,1762","2,1608","1,9998","3,5286","3,2873","3,2808","1,9815","2,3731","1,7103","2,25","1,8565","1,8622","1,9268","1,9802","1,9859","5,44","2,3408","4,2278","1,8152","1,6281","2,7167","2,2337"
482,"1,9868","2,2839","1,7561","2,1111","1,8592","1,42","1,4823","1,8044","1,9652","1,6302","1,5467","1,8381","2,4027","1,8915","2,6628","2,6271","1,8292","1,6432","1,8496","1,8307","1,9065","2,9704","2,6906","2,918","1,7007","2,0583","1,5196","1,9615","1,7349","1,5605","1,6749","1,7565","1,7509","6,8181","1,9967","4,8532","1,5962","1,4663","2,4258","2,0205"
483,"1,8188","1,8858","1,525","1,8621","1,7266","1,2746","1,3687","1,6276","1,7465","1,5136","1,3914","1,6891","2,5338","1,6921","2,6507","2,6474","1,6677","1,4393","1,6337","1,6336","1,7247","2,98","2,6797","2,8894","1,5373","1,8132","1,334","1,7333","1,5585","1,4521","1,4708","1,543","1,6064","7,1196","1,863","4,944","1,4251","1,3741","2,396","1,8875"
484,"1,3906","1,5046","1,2967","1,5262","1,3921","1,0785","1,1791","1,3336","1,4031","1,3066","1,1476","1,4089","2,0915","1,3026","2,2964","2,1812","1,393","1,19","1,3311","1,3496","1,447","2,3142","2,1396","2,313","1,2433","1,5019","1,094","1,398","1,2763","1,2206","1,2051","1,2664","1,3172","6,0821","1,5619","4,7884","1,1723","1,1702","2,2739","1,6751"
485,"1,758","1,8805","1,5138","1,8611","1,6064","1,2908","1,3767","1,5527","1,7426","1,5487","1,3538","1,6915","2,5709","1,5347","2,7546","2,8092","1,6267","1,427","1,6241","1,6425","1,7592","2,7666","2,6174","2,912","1,4844","1,754","1,3032","1,7012","1,4608","1,3559","1,4455","1,4455","1,6135","4,7044","1,8244","4,0641","1,3842","1,356","2,5624","1,8994"
486,"2,0707","2,3109","1,7544","2,1701","1,7642","1,4973","1,5734","1,7768","2,0663","1,7655","1,5162","1,9381","2,7316","1,7744","3,066","3,3549","1,8399","1,6904","1,8665","1,9178","1,9378","3,0339","2,9034","3,2785","1,7103","2,0765","1,4561","2,007","1,6487","1,5227","1,7059","1,6606","1,8927","4,1405","2,0684","4,0962","1,5195","1,5395","2,5688","1,9833"
487,"1,7967","2,0778","1,47","1,8766","1,4318","1,16","1,2749","1,4843","1,7731","1,4605","1,2382","1,6178","2,2282","1,5086","2,5795","2,9999","1,5953","1,4056","1,5474","1,6163","1,547","2,5184","2,3323","2,6723","1,4179","1,8847","1,154","1,7537","1,2962","1,2351","1,4568","1,3855","1,64","3,3452","1,7729","3,5954","1,2271","1,2361","2,2448","1,7174"
488,"1,1806","1,4277","1,0008","1,3105","1,0437","0,804","0,9187","1,0942","1,2633","1,0764","0,8598","1,1639","1,4502","1,0167","1,4985","1,7412","1,1655","0,9857","1,1737","1,1822","0,9722","1,6514","1,5749","1,6457","1,0034","1,436","0,797","1,2738","0,892","0,8794","1,0346","0,9815","1,0851","2,5649","1,349","2,4229","0,8944","0,9024","1,4157","1,1579"
489,"0,9504","1,0372","0,8126","1,0488","0,882","0,6755","0,7719","0,867","0,9968","0,8588","0,7576","0,9171","1,087","0,8749","1,4142","1,3399","0,9551","0,8055","0,9259","0,9253","0,9334","1,2329","1,2072","1,331","0,8148","1,1933","0,6954","0,9972","0,7804","0,7268","0,8513","0,8226","0,9121","2,4276","1,0638","1,7204","0,7784","0,7834","1,4026","1,0812"
490,"0,8033","0,8283","0,7208","0,8748","0,831","0,5843","0,6593","0,7724","0,8011","0,7085","0,6751","0,7438","1,1523","0,7802","1,0523","1,1242","0,7812","0,7075","0,8137","0,7732","0,7986","1,0746","1,169","1,0418","0,6961","0,9576","0,6044","0,7858","0,8076","0,6221","0,7072","0,7656","0,8859","1,7856","0,8978","1,5964","0,6869","0,6948","1,0224","0,8594"
491,"0,675","0,78","0,6078","0,7161","0,7045","0,5342","0,5319","0,6467","0,6198","0,5595","0,575","0,5966","1,0846","0,7941","0,8169","1,2774","0,6721","0,713","0,6601","0,694","0,6102","1,0768","1,1824","1,2076","0,5749","0,6493","0,5271","0,6132","0,5823","0,539","0,6336","0,6516","1,1181","1,535","0,6067","1,8929","0,5945","0,555","0,6699","0,7325"
492,"0,7246","1,0009","0,7012","0,8371","0,7398","0,5913","0,5604","0,7111","0,6993","0,6332","0,6164","0,6606","1,0766","0,722","0,7907","1,015","0,7632","0,692","0,6821","0,739","0,6473","1,0376","0,9213","0,9335","0,6412","0,7779","0,5703","0,7066","0,6254","0,6197","0,6569","0,7112","0,8143","1,43","0,7809","1,6347","0,6398","0,5865","0,7083","0,6872"
493,"0,7534","1,132","0,7285","0,9098","0,7377","0,6041","0,6459","0,7388","0,7641","0,7003","0,7108","0,7413","1,0722","0,7192","0,8297","0,92","0,8416","0,7218","0,7","0,7828","0,6497","1,0642","0,9909","0,9419","0,6806","0,8531","0,6145","0,7991","0,6643","0,6395","0,6986","0,7146","0,7898","1,3521","0,8509","1,4414","0,704","0,6254","0,7658","0,7166"
494,"0,7573","1,0225","0,719","0,8874","0,7202","0,6036","0,705","0,7059","0,8108","0,7299","0,8159","0,823","1,0527","0,6889","0,7746","0,9094","0,8025","0,6842","0,7137","0,7559","0,6344","0,9987","0,995","0,9517","0,7123","0,8642","0,6283","0,831","0,6739","0,6355","0,7134","0,7299","0,7261","1,3178","0,7288","1,2512","0,8432","0,6664","0,745","0,7625"
495,"0,7687","1,0672","0,6751","0,9286","0,7264","0,5701","0,7469","0,7661","0,8208","0,789","0,8616","0,8855","0,9685","0,6744","0,6785","0,9228","0,7658","0,6527","0,7421","0,77","0,5864","0,8643","1,0531","0,9858","0,6357","0,8734","0,6209","0,7954","0,6308","0,6122","0,6738","0,7567","0,6535","1,188","0,7256","1,0481","0,9685","0,6592","0,6918","0,8058"
496,"1,0549","1,2459","0,7665","1,3009","0,7926","0,6324","1,1676","1,1055","0,9151","0,9672","1,1918","1,1313","1,0901","0,8586","0,7809","1,1276","0,8333","0,9189","0,9593","1,0461","0,6281","0,9623","1,2567","1,2203","0,8342","1,2577","0,8481","1,0759","0,7581","0,7566","0,8662","0,9827","0,7443","1,4855","1,2149","1,3685","1,6649","0,8353","0,7144","1,4752"
497,"0,6147","0,7394","0,5837","0,6908","0,5883","0,5229","0,869","0,8847","0,6617","0,6488","0,6052","0,6691","0,7956","0,5519","0,5727","0,7972","0,6206","0,6303","0,6318","0,6728","0,533","0,7047","0,7886","0,7579","0,6029","0,6654","0,5208","0,6596","0,6155","0,5142","0,5446","0,5938","0,5263","1,1362","0,7586","0,9668","0,6159","0,5738","0,5873","0,7249"
498,"0,7199","0,8513","0,6919","0,782","0,7208","0,641","1,0179","1,3707","0,7747","0,7845","0,7692","0,7861","0,9099","0,6713","0,662","0,8939","0,7366","0,7541","0,7341","0,7778","0,6229","0,7812","0,8948","0,8361","0,7763","0,7168","0,6636","0,7781","0,8062","0,6122","0,6565","0,7172","0,6251","1,2515","1,1993","1,1723","0,7679","0,6773","0,6907","0,8117"
499,"1,0545","1,0984","0,8297","1,0852","0,9793","0,833","0,9942","1,8","1,011","0,9911","1,0791","1,0562","1,1763","1,0459","0,9564","1,191","0,9255","1,0951","0,9833","1,0444","0,7849","0,9183","1,1574","1,0466","0,9974","0,9265","0,982","1,0056","0,939","0,7458","0,8034","0,8586","1,005","1,4615","1,5612","1,4743","0,938","1,0711","0,8474","1,0074"
500,"1,2909","1,4723","1,1001","1,3476","1,2491","1,1382","1,1685","1,6737","1,3513","1,2312","1,3139","1,3924","1,5181","1,413","1,1449","1,4428","1,1771","1,3801","1,3506","1,3387","0,9836","1,1228","1,482","1,336","1,1574","1,078","1,1612","1,1766","1,0536","0,8784","1,0946","1,0625","1,2173","1,794","2,2923","2,1445","1,1129","1,3877","0,9951","1,2695"
501,"0,9627","1,0174","0,9805","1,2171","1,0567","1,0656","1,3091","1,6252","1,06","1,2356","1,1829","1,2746","1,3676","1,1231","0,7832","1,2134","1,2562","1,2054","1,1173","1,2321","0,7554","1,0811","1,0575","1,1723","0,7524","0,834","0,7762","0,8311","0,8089","0,6803","1,0634","0,9025","0,8007","1,5125","2,0536","1,7768","1,0583","1,2689","0,967","1,1945"
502,"0,9592","0,9453","1,0069","1,1481","1,0136","1,0726","1,4463","1,4644","0,9793","1,4537","1,2183","1,4042","1,3818","1,3774","0,9945","1,3711","1,5583","1,3892","1,2833","1,4399","0,8251","1,2184","0,9921","1,2558","0,8167","0,8953","0,7837","0,8579","0,8994","0,7587","1,2113","1,0219","0,8282","1,5728","1,9899","1,7352","1,1315","1,4609","0,9967","1,282"
503,"0,9298","0,9327","0,9288","1,058","0,9273","1,009","1,2024","1,6893","0,8979","1,7869","1,189","1,7712","1,3311","1,3408","1,0896","1,378","1,6449","1,3055","1,1489","1,5141","0,82","1,2083","0,9258","1,1574","0,7878","0,9185","0,7515","0,8417","0,8718","0,7502","1,0999","0,9896","0,8564","1,4117","1,739","1,5632","1,0788","1,2863","0,9111","1,1703"
504,"0,8516","0,9471","0,8097","0,9325","0,8314","0,7856","1,2913","1,7782","0,8319","1,6213","1,1524","1,361","1,2224","1,3683","1,1807","1,3393","1,0255","1,0275","1,3602","1,2118","0,8095","0,9296","0,8845","0,9858","0,8318","1,0167","0,7239","0,8834","0,8102","0,7943","1,19","0,9996","0,8715","1,2249","1,3327","1,3014","0,8155","0,8671","0,8557","0,8903"
505,"0,6771","0,7843","0,6614","0,7745","0,7056","0,6172","0,9097","1,1248","0,7037","1,0485","0,9054","0,9834","0,9907","0,7414","0,8802","0,9124","0,7684","0,6981","0,7936","0,7933","0,6076","0,7564","0,8001","0,8261","0,6846","0,7728","0,5842","0,7011","0,6718","0,6134","0,7246","0,725","0,6613","1,0832","0,9385","1,0376","0,6741","0,6846","0,7009","0,7354"
506,"0,5239","0,5677","0,5294","0,5774","0,6187","0,5073","0,615","0,6122","0,5684","0,6715","0,5463","0,6388","0,652","0,5361","0,6026","0,6364","0,5824","0,6019","0,6451","0,6423","0,483","0,662","0,6216","0,6475","0,5099","0,52","0,4631","0,5157","0,5548","0,4526","0,5566","0,5825","0,4866","0,8709","0,6314","0,7171","0,5975","0,6081","0,5353","0,6042"
507,"0,4489","0,469","0,4453","0,4713","0,4399","0,4131","0,5315","0,4976","0,4881","0,5363","0,4485","0,5269","0,5622","0,4272","0,4918","0,5691","0,4942","0,471","0,5014","0,5054","0,4203","0,5575","0,5566","0,531","0,4402","0,4384","0,389","0,438","0,4646","0,3752","0,4356","0,4726","0,4099","0,7712","0,4925","0,622","0,4591","0,4823","0,4374","0,4721"
508,"0,4375","0,4266","0,4571","0,4626","0,4293","0,4027","0,4961","0,4772","0,4413","0,5017","0,4544","0,5293","0,5016","0,3985","0,4906","0,5245","0,4713","0,4445","0,4814","0,4756","0,4323","0,5504","0,5245","0,5139","0,4132","0,4318","0,3873","0,4218","0,4206","0,3745","0,4404","0,462","0,4147","0,6485","0,4871","0,5432","0,4345","0,456","0,4199","0,4445"