,,,,,,,,,,,,,,,,,,,,,,,,,,,,,,,,,,,,,,,,,,,,
resnumber,WT1,WT2,WT3,WT-J,V445L1,V445L2,V445L3,V445L-J,Q498L1,Q498L2,Q498L3,Q498L-J,S494Q1,S494Q2,S494Q3,S494Q-J,Q498V1,Q498V2,Q498V3,Q498V-J,N439R1,N439R2,N439R3,N439R-J,Y489F1,Y489F2,Y489F3,Y489F-J,S494K1,S494K2,S494K3,S494K-J,K417Y1,K417Y2,K417Y3,K417Y-J,Q498I1,Q498I2,Q498I3,Q498I-J,Y505F1,Y505F2,Y505F3,Y505F-J
438,"0,5787","0,5311","0,5408","0,5971","0,5343","0,5025","0,4745","0,5412","0,4697","0,5416","0,5135","0,5463","0,5367","0,5218","0,5296","0,5658","0,5199","0,5488","0,5445","0,5529","0,547","0,6692","0,5923","0,6718","0,4836","0,5531","0,5711","0,5629","0,4937","0,5737","0,6688","0,631","0,5941","0,5702","0,52","0,5798","0,5514","0,5526","0,5005","0,5661","0,5421","0,5228","0,5228","0,8475"
439,"0,647","0,6871","0,5882","0,6869","0,5639","0,6424","0,4891","0,6135","0,4938","0,5667","0,5979","0,5886","0,6043","0,5595","0,5819","0,6209","0,6505","0,5848","0,6976","0,6908","0,6653","0,759","0,6496","0,7619","0,506","0,692","0,8463","0,7614","0,5192","0,6939","0,8269","0,7399","0,7375","0,6978","0,5742","0,719","0,6151","0,6026","0,5138","0,6124","0,6441","0,6244","0,6244","0,9655"
440,"0,9806","0,9275","0,8496","0,9609","0,8077","0,8425","0,7307","0,8596","0,7354","0,7716","0,8324","0,8274","0,8017","0,7848","0,7568","0,8306","0,8883","0,8086","0,9008","0,9152","0,927","0,8878","0,8478","0,9373","0,7199","0,9309","1,1292","0,9623","0,747","0,9364","1,1219","0,9905","0,9033","0,9758","0,8061","0,9367","0,8324","0,8226","0,7708","0,8506","0,8337","0,8208","0,8208","1,2431"
441,"0,9342","0,7997","0,8879","0,9319","0,7511","0,7082","0,6772","0,7713","0,6832","0,7592","0,7385","0,7752","0,7198","0,7313","0,71","0,7549","0,7427","0,7473","0,7398","0,7707","0,7249","0,794","0,7253","0,7977","0,6808","0,8135","0,8828","0,8121","0,6841","0,8123","0,885","0,8295","0,7646","0,7884","0,7017","0,7784","0,7427","0,8352","0,7467","0,8246","0,7343","0,6966","0,6966","1,0501"
442,"0,6409","0,5552","0,7607","0,7246","0,6184","0,5355","0,5489","0,598","0,5559","0,6248","0,5824","0,6156","0,5789","0,5749","0,6266","0,6008","0,5825","0,5971","0,5269","0,5881","0,5661","0,5927","0,5791","0,6054","0,5646","0,6013","0,5847","0,6157","0,5437","0,5902","0,5856","0,5872","0,5856","0,6216","0,5657","0,6044","0,5969","0,7426","0,6254","0,7054","0,5682","0,5289","0,5289","0,8159"
443,"0,6192","0,6683","0,7737","0,8084","0,6734","0,6838","0,5911","0,6699","0,6398","0,695","0,6737","0,6909","0,7115","0,6356","0,718","0,7045","0,6533","0,6459","0,6186","0,6623","0,6544","0,6505","0,6686","0,7539","0,6011","0,7111","0,693","0,7613","0,6285","0,6573","0,6493","0,6695","0,7168","0,7196","0,6558","0,7242","0,7009","0,7532","0,7044","0,7345","0,6651","0,6576","0,6576","0,9053"
444,"0,7431","0,8377","1,1326","2,4068","1,0045","0,8362","0,9222","1,0352","1,1355","1,2845","1,1251","1,2307","0,9219","0,8574","0,8345","0,9303","0,8938","0,9118","0,8859","0,9041","0,8172","0,9121","0,8462","1,0529","0,8904","1,022","0,8649","1,0065","0,7984","0,7883","0,8442","0,8387","0,8313","0,8721","0,9103","0,888","0,8396","1,1049","1,1693","1,0708","0,8363","0,8397","0,8397","1,0663"
445,"0,908","1,0649","1,3153","2,4823","1,047","1,1263","1,0594","1,2886","1,506","1,3226","1,2885","1,4175","1,3297","1,0244","1,1157","1,3316","1,0222","1,0232","1,0663","1,0453","1,0707","1,1725","1,1342","1,2745","1,0279","1,2473","1,1353","1,2116","1,1433","1,013","1,2026","1,13","1,0458","1,1133","1,1008","1,1107","1,0473","1,2409","1,3767","1,3352","1,031","1,0895","1,0895","1,292"
446,"1,0128","1,2508","1,1994","2,5226","1,1341","1,2932","1,1962","1,4626","1,8606","1,6903","1,3543","1,7535","1,5718","1,1098","1,3346","1,5787","1,0933","1,0595","1,1211","1,1212","1,2093","1,2591","1,3108","1,3479","1,1843","1,4768","1,3258","1,3745","1,3592","1,1468","1,4876","1,3729","1,1853","1,2284","1,2795","1,2754","1,1948","1,9625","1,5153","1,7706","1,1699","1,2463","1,2463","1,439"
447,"0,8033","0,9729","1,2363","1,3415","0,8835","0,9684","0,7895","1,0353","1,4979","1,4529","1,0865","1,4207","1,1931","0,8394","0,9951","1,2078","0,8383","0,7837","0,8388","0,8647","0,925","0,9786","1,02","1,0369","0,8723","1,1577","1,0562","1,0677","1,0243","0,894","1,2256","1,0924","0,9056","0,9725","0,9845","0,9822","0,9934","2,5693","1,1846","2,0687","0,9027","0,9535","0,9535","1,2934"
448,"0,7884","0,81","1,5276","1,3785","0,7163","0,7476","0,6311","0,7805","1,0553","1,1006","0,8725","1,062","0,795","0,7079","0,8244","0,8528","0,6971","0,6672","0,6891","0,7361","0,7419","0,7901","0,8081","0,8367","0,7000","0,8457","0,8693","0,8421","0,7621","0,7536","1,1127","0,9318","0,7506","0,7954","0,7718","0,7931","0,8262","1,6882","0,8623","1,7186","0,7525","0,7687","0,7687","1,0407"
449,"0,7886","0,9736","1,3632","1,367","0,7692","0,8747","0,7395","1,0486","1,2851","1,1752","1,0064","1,1967","0,98","0,8544","0,9814","1,2487","0,8357","0,7508","0,8371","0,9462","0,873","1,1294","0,9671","1,0972","0,7891","1,0207","1,0173","1,1554","0,986","0,8766","1,1884","1,0698","0,9108","0,8642","0,9652","0,9655","0,9668","1,1161","0,8903","1,4677","0,8538","0,9317","0,9317","1,0667"
450,"0,9389","0,8759","1,3691","1,2216","0,9343","0,7724","0,864","1,1022","1,2652","1,2014","1,0162","1,1805","0,9269","0,8936","0,9693","1,1536","0,9474","0,8849","0,8717","1,0341","0,7876","1,1147","0,8577","1,0457","0,9236","0,9849","0,9106","1,1232","0,8282","0,8168","1,0291","0,9406","0,8286","0,7853","0,8932","0,876","0,8828","1,0958","0,9301","1,311","0,8154","0,8558","0,8558","1,0074"
451,"0,6717","0,6934","0,638","0,7363","0,697","0,5685","0,5892","0,7277","0,6796","0,7622","0,685","0,721","0,748","0,65","0,7106","0,7888","0,6054","0,6167","0,5832","0,7993","0,5825","0,7571","0,6363","0,735","0,6393","0,6768","0,7127","0,7607","0,5627","0,6621","0,6374","0,6896","0,6412","0,5841","0,6165","0,6437","0,6691","0,7214","0,644","0,8873","0,627","0,6717","0,6717","0,8381"
452,"0,7282","0,7155","0,7241","0,8055","0,6943","0,6326","0,6372","0,6691","0,6696","0,8059","0,7289","0,75","0,9023","0,7312","0,7686","0,9835","0,6518","0,6412","0,5985","0,8534","0,6463","0,7992","0,7316","0,7976","0,6679","0,7211","0,8472","0,8222","0,6226","0,8256","0,676","0,7904","0,6755","0,6453","0,6952","0,7206","0,729","0,6385","0,7483","0,804","0,681","0,6712","0,6712","0,8668"
453,"0,705","0,6197","0,615","0,7013","0,6463","0,6218","0,5522","0,6461","0,5965","0,6863","0,6693","0,6746","0,7612","0,6955","0,7347","0,8911","0,5896","0,5769","0,5126","0,7995","0,5928","0,7123","0,7153","0,7294","0,6011","0,6807","0,7527","0,7405","0,5658","0,7955","0,5951","0,7454","0,6397","0,602","0,6139","0,6522","0,6813","0,5821","0,6561","0,7156","0,6283","0,6018","0,6018","0,7602"
454,"0,7233","0,5671","0,5834","0,6743","0,5772","0,5612","0,4983","0,6516","0,5258","0,5436","0,6025","0,5814","0,7183","0,7366","0,6604","0,7766","0,5055","0,5777","0,4628","0,6675","0,5359","0,6129","0,6528","0,6185","0,5182","0,5808","0,5995","0,6002","0,5116","0,7934","0,536","0,6465","0,5933","0,5289","0,577","0,6452","0,6159","0,5394","0,573","0,6385","0,6896","0,5364","0,5364","0,7091"
455,"0,847","0,6966","0,6934","0,8185","0,7246","0,709","0,6523","0,8018","0,6243","0,6231","0,7238","0,6849","0,8522","0,8428","0,8206","0,947","0,625","0,6908","0,5657","0,7187","0,6564","0,7368","0,7803","0,7506","0,6722","0,7117","0,6211","0,691","0,6118","0,8736","0,6255","0,7338","0,7154","0,6048","0,6517","0,7132","0,7206","0,6785","0,6696","0,7919","0,8395","0,6578","0,6578","0,7697"
456,"1,017","0,9134","0,8647","0,9841","0,9494","0,6825","0,7995","0,9606","0,8136","0,6605","0,8779","0,8212","0,8547","1,1063","0,8703","1,0805","0,7906","0,9649","0,6916","0,872","0,8712","0,8584","0,8409","0,9097","0,7904","0,8591","0,6642","0,8427","0,8657","1,1136","0,7524","0,9387","0,6918","0,6645","0,6634","0,6825","0,8502","0,7921","0,8835","0,9287","0,8882","0,8569","0,8569","0,918"
457,"0,799","0,8611","0,8577","0,9574","0,858","0,7565","0,7746","0,9883","0,8046","0,6359","0,8884","0,8243","0,9282","1,1213","0,8587","1,1772","0,8122","0,8646","0,6788","0,8614","0,8321","0,8243","0,8601","0,8707","0,7379","0,8717","0,7288","0,9462","0,7915","1,1163","0,72","0,9212","0,7939","0,6829","0,7286","0,7634","0,8872","0,8026","0,8698","0,9332","0,8964","0,8694","0,8694","0,9627"
458,"0,9606","1,082","1,1344","1,2856","1,0588","1,0732","0,9852","1,2611","0,995","0,8531","1,1768","1,093","1,2613","1,3395","1,0983","1,5327","1,0778","1,0691","0,8738","1,1633","1,0442","1,1032","1,2147","1,1225","0,9686","1,1184","1,035","1,3072","0,9915","1,265","0,9604","1,1479","1,1267","0,9091","1,0044","1,1214","1,1704","1,0723","1,1403","1,2716","1,1349","1,1711","1,1711","1,2617"
459,"0,9555","0,9914","0,8907","1,1262","0,9098","0,9412","0,8698","1,3786","0,9902","0,8945","1,0266","1,044","1,1459","1,2221","1,1601","1,4528","0,9587","1,099","0,7668","1,0265","1,0984","0,9858","1,0544","1,0619","0,9226","0,894","0,926","1,1041","0,8954","1,1048","0,8538","1,0866","0,9706","0,8513","0,8984","0,9519","1,1385","0,9418","1,1099","1,2842","0,953","1,2166","1,2166","1,212"
460,"0,7667","0,8543","0,76","0,8857","0,7418","0,7914","0,7259","1,3519","0,8297","0,8337","0,8536","0,8854","0,9823","1,1794","0,9724","1,2248","0,8039","0,9584","0,6674","0,8375","0,9244","0,8497","0,8487","0,9087","0,7495","0,7488","0,7773","0,8308","0,7576","1,332","0,7366","1,0667","0,8581","0,7515","0,7568","0,8529","1,1347","0,754","0,9424","1,116","0,7907","1,1214","1,1214","1,0296"
461,"0,7227","0,8139","0,6915","0,8299","0,7195","0,6719","0,7008","1,2922","0,7719","0,8362","0,7726","0,8667","0,9338","1,1404","1,0654","1,1566","0,9009","0,9003","0,6623","0,8752","0,8075","0,7948","0,7688","0,8441","0,7002","0,69","0,8084","0,7692","0,7005","1,0808","0,717","0,8702","0,8872","0,7596","0,773","0,9158","0,8731","0,7332","0,8367","0,9216","0,741","0,7687","0,7687","0,9268"
462,"0,8287","0,9508","0,8144","0,9781","0,8003","0,7377","0,796","1,2786","0,7934","0,9167","0,8403","0,9232","1,0606","1,0585","1,2064","1,2262","0,9931","0,982","0,7097","0,9788","0,8015","0,8821","0,9054","0,9276","0,7807","0,767","0,8536","0,8253","0,8042","0,9632","0,8409","0,9104","0,9729","0,7823","0,8572","0,9386","1,0328","0,8332","0,912","1,0192","0,801","0,8088","0,8088","1,0864"
463,"0,7359","0,8038","0,7523","0,8479","0,7555","0,7058","0,6831","1,0077","0,6724","0,8022","0,762","0,8323","1,0898","0,853","0,975","1,0907","1,0479","0,8451","0,6749","0,9739","0,6872","0,7919","0,8378","0,8022","0,6873","0,7252","0,8006","0,7582","0,7404","0,9874","0,7171","0,8862","0,9662","0,7835","0,7507","0,8729","0,919","0,763","0,7838","0,9313","0,7519","0,6748","0,6748","1,0182"
464,"0,7137","0,7666","0,7607","0,7913","0,7369","0,7585","0,631","1,0101","0,6394","0,8488","0,7646","0,9003","1,4398","0,9459","1,0638","1,2771","1,2616","0,7645","0,7379","1,1012","0,6453","0,7825","0,8775","0,7558","0,666","0,7038","0,8277","0,7782","0,6976","1,065","0,7875","0,9039","1,5472","0,881","0,7869","1,2991","1,0529","0,8305","0,7117","0,9252","0,7423","0,6595","0,6595","1,2852"
465,"0,9127","0,8903","0,8815","1,0351","0,8124","0,7791","0,7937","1,2168","0,7425","1,0082","0,8585","1,0321","1,3443","0,9826","1,4803","1,375","1,0394","0,8125","0,7807","1,1292","0,6995","0,8641","0,8531","0,86","0,7596","0,7956","0,8802","0,8754","0,7369","0,9472","0,8811","0,9495","1,0798","0,9066","0,9092","1,0305","1,347","0,9892","0,8063","1,1122","0,767","0,741","0,741","1,627"
466,"0,7544","0,9005","0,8709","1,1271","0,7305","0,7144","0,7278","1,183","0,8351","0,8649","0,7554","1,1212","1,1424","0,8212","1,4434","1,2409","0,9333","0,7198","0,7269","1,1949","0,6454","0,9316","0,9692","0,874","0,7794","0,7855","0,9775","0,9703","0,6461","0,909","0,8457","0,9199","0,9952","0,913","0,8439","1,0073","1,3296","1,0306","0,9454","1,1821","0,7714","0,6729","0,6729","1,7974"
467,"0,8792","0,789","0,854","1,3386","0,6771","0,7607","0,697","1,1169","0,8061","0,826","0,7938","0,9981","1,0837","0,8574","1,3472","1,22","0,7867","0,7167","0,6888","1,117","0,6466","1,0196","0,9309","0,9439","0,7208","0,7005","1,0388","1,0028","0,608","0,9511","0,8753","0,9792","0,9537","0,8233","0,872","0,986","1,1614","0,8728","0,8698","1,1041","0,9006","0,6509","0,6509","1,6332"
468,"1,4894","0,8251","1,2085","2,0526","0,8066","0,8223","0,7458","0,9175","2,0035","1,554","0,9964","2,3811","1,8231","0,87","2,0928","2,1932","0,8743","0,8143","0,7733","1,4979","0,9193","1,7568","1,1378","1,6631","0,846","0,6869","1,4642","1,5912","0,7123","1,1088","1,2697","1,5301","1,6719","1,0083","1,5841","1,6847","2,4879","1,2247","2,1883","2,2117","1,4804","0,6326","0,6326","2,3256"
469,"1,2594","0,7637","1,1703","1,451","0,7598","0,9117","0,7216","0,8164","1,4831","1,6329","0,9531","1,9097","1,6473","0,8866","1,6673","1,655","0,843","0,7853","0,7725","1,2931","0,9451","1,3807","1,0523","1,3254","0,8042","0,7267","1,2298","1,3656","0,8036","1,0915","1,3388","1,3009","1,321","1,0936","1,3793","1,4044","2,0019","1,1197","1,4187","1,6516","1,3157","0,6614","0,6614","1,717"
470,"1,1894","0,8602","0,9998","1,7246","0,815","1,0034","0,7769","0,9151","1,2228","1,2403","0,8101","1,3593","1,4041","0,9981","1,3784","1,5241","0,9038","0,884","0,7632","1,1821","0,9802","1,397","0,972","1,3761","0,7998","0,7933","1,0917","1,1527","0,8086","1,113","1,1776","1,2432","1,2409","1,0316","1,3161","1,3776","1,4506","1,0352","1,35","1,4796","1,9218","0,6825","0,6825","2,1601"
471,"1,1205","0,8828","1,0331","1,2444","0,8798","1,1742","0,8725","1,0282","0,9642","1,0667","0,7436","1,245","1,2193","1,0617","1,1421","1,4225","0,8797","0,974","0,8214","1,2108","1,0586","1,3856","0,8882","1,4211","0,8451","0,8792","1,1596","1,1107","0,816","1,239","1,3152","1,2792","1,1565","0,9804","0,9472","1,1933","1,2054","1,1562","1,1279","1,4088","1,7347","0,7349","0,7349","1,737"
472,"0,8558","0,7695","0,8187","0,9584","0,7668","0,9348","0,7312","0,9169","0,7607","0,817","0,7135","0,9595","0,9648","0,8456","0,9354","1,0849","0,7721","0,7869","0,7086","0,9932","0,8837","0,9968","0,7818","1,0636","0,7256","0,7811","0,9194","0,8685","0,729","0,9916","0,9627","1,0019","0,8703","0,8484","0,7941","0,8901","0,8782","0,9142","0,8329","0,9943","1,1569","0,6712","0,6712","1,3311"
473,"0,872","0,7708","0,8124","0,9747","0,8349","0,8575","0,7508","0,9588","0,8066","0,7616","0,9871","1,0689","0,9387","0,8594","1,0577","1,185","0,766","0,7779","0,6855","0,9499","0,8902","1,0349","0,8952","1,0975","0,7287","0,7936","0,956","0,9134","0,7568","0,9652","1,0167","1,0395","0,8667","0,8445","0,797","0,8699","0,8818","0,8905","0,8852","1,0785","1,3919","0,6991","0,6991","1,4452"
474,"1,3155","1,0283","1,0742","1,273","1,1954","1,084","0,9888","1,2777","1,0988","1,0301","1,4927","1,4046","1,2456","1,3306","1,4814","1,6284","1,0293","1,0939","0,8811","1,3666","1,2762","1,3817","1,265","1,4678","0,9963","1,1057","1,287","1,2722","1,0429","1,3785","1,2663","1,3644","1,1858","1,1543","1,1127","1,1609","1,2467","1,1598","1,2846","1,4281","1,9709","0,9248","0,9248","2,0039"
475,"1,7246","1,3355","1,484","1,6551","1,5395","1,9552","1,3511","1,6536","1,4278","1,3053","1,9896","1,7922","1,5808","1,6918","1,932","2,0095","1,3251","1,4082","1,1447","1,6377","1,5749","1,7551","1,7567","1,7995","1,2514","1,4066","1,5778","1,5761","1,4347","1,6905","1,7124","1,7229","1,6023","1,368","1,5146","1,5441","1,638","1,4127","1,6526","1,7842","2,7409","1,2914","1,2914","2,4989"
476,"2,3442","1,8722","2,0975","2,2084","2,1226","2,9312","1,926","2,3986","1,9636","1,8005","2,6675","2,3718","2,0633","2,2993","2,533","2,6307","1,8081","2,0036","1,6092","2,2895","2,0933","2,3606","2,3168","2,3763","1,777","1,9337","2,1219","2,1661","1,9419","2,3069","2,2504","2,289","2,1879","1,9422","2,0425","2,1081","2,1962","1,9243","2,2232","2,3341","3,3595","1,7318","1,7318","3,1478"
477,"2,852","2,2299","2,3627","2,5904","2,5424","4,2088","2,2133","3,3206","2,312","2,1412","3,0142","2,7063","2,9707","2,781","2,8349","3,2488","2,1486","2,3099","1,8541","2,7316","2,4756","2,9062","2,6937","2,8913","2,1312","2,2745","2,4935","2,5616","2,2897","2,8685","2,4674","2,6826","2,5231","2,2437","2,3136","2,3991","2,5616","2,2727","2,7874","2,7636","3,8071","1,9776","1,9776","3,6446"
478,"2,5351","2,0788","2,1971","2,4027","2,3989","3,3127","1,9812","2,8712","2,1044","2,0928","2,7236","2,4845","2,609","2,631","2,6306","2,908","2,0032","2,2505","1,8847","2,6932","2,3376","2,653","2,4346","2,6603","1,9609","2,072","2,3747","2,3139","2,1284","2,6655","2,1958","2,4718","2,318","2,201","2,2366","2,2899","2,4482","2,1802","2,4981","2,5316","3,0753","1,9151","1,9151","3,348"
479,"2,2312","1,8301","1,8813","2,0909","2,0828","2,3928","1,7269","2,3114","1,8347","1,8658","2,3247","2,1582","2,2416","2,3269","2,2559","2,5505","1,7648","2,0253","1,6576","2,4108","2,04","2,2642","2,0471","2,3153","1,7216","1,8765","2,046","2,0337","1,8186","2,3524","1,8597","2,1546","2,0402","1,9711","1,9067","2,0044","2,1834","1,932","2,2327","2,2652","2,7866","1,6642","1,6642","2,9459"
480,"1,6227","1,3655","1,4077","1,5515","1,5382","1,3985","1,3043","1,5574","1,3325","1,4076","1,6955","1,6039","1,5422","1,6738","1,7398","1,8549","1,3165","1,5049","1,22","1,8246","1,5334","1,5922","1,436","1,677","1,24","1,394","1,4558","1,4572","1,3135","1,7615","1,3665","1,5977","1,473","1,5419","1,416","1,5285","1,6706","1,4283","1,6204","1,6694","1,8943","1,2371","1,2371","2,2178"
481,"2,2071","1,8858","1,9286","2,1025","1,9988","2,0142","1,8868","2,1319","1,7529","1,943","2,0991","2,0373","2,0437","2,2182","2,1506","2,3599","1,7904","2,0376","1,6612","2,3362","2,0421","2,1139","1,9027","2,2094","1,6709","1,8887","1,8768","1,9158","1,7164","2,25","1,8791","2,0667","1,9639","1,8875","1,943","2,1779","2,2629","1,9065","2,1601","2,2316","2,9861","1,71","1,71","2,8453"
482,"1,976","1,6996","1,7011","1,8795","1,695","3,1035","1,7919","2,8189","1,5488","1,6949","1,7506","1,7563","1,8429","1,8605","1,8393","2,0505","1,5563","1,7382","1,4288","1,9525","1,7244","1,8974","1,6307","1,9532","1,4761","1,6668","1,6728","1,7125","1,5078","1,9534","1,7092","1,8241","1,7618","1,787","1,8859","2,0409","1,987","1,6568","1,8587","1,9361","2,8063","1,5535","1,5535","2,4975"
483,"1,6578","1,5437","1,5418","1,6373","1,5733","2,9113","1,5963","2,4642","1,3869","1,5458","1,6655","1,5999","1,5495","1,5617","1,7799","1,7387","1,4303","1,5009","1,3294","1,6544","1,4597","1,6058","1,583","1,6125","1,3221","1,4454","1,425","1,4373","1,3853","1,7503","1,549","1,6138","1,6228","1,537","1,6671","1,8169","1,8537","1,457","1,6433","1,692","2,3603","1,4085","1,4085","2,189"
484,"1,1711","1,2284","1,2831","1,2914","1,2212","2,793","1,2154","2,4636","1,1539","1,2823","1,3379","1,3113","1,2789","1,1504","1,4603","1,3242","1,1683","1,0924","1,1138","1,2574","1,1225","1,2673","1,35","1,2434","1,0941","1,1166","1,1644","1,1517","1,1669","1,4063","1,2981","1,3155","1,3241","1,2539","1,2772","1,388","1,445","1,1924","1,2533","1,3083","1,8431","1,1289","1,1289","1,8534"
485,"1,4118","1,4024","1,5359","1,5173","1,5097","2,1124","1,4368","2,185","1,3929","1,4821","1,721","1,6004","1,7099","1,3882","1,7893","1,6866","1,4144","1,3087","1,3052","1,5684","1,3696","1,5413","1,6379","1,4923","1,3374","1,2774","1,3915","1,3958","1,4491","1,6992","1,5326","1,587","1,582","1,5123","1,5553","1,6449","1,7791","1,3777","1,4649","1,5802","1,9754","1,3865","1,3865","2,2319"
486,"1,7263","1,5951","1,755","1,7605","1,7777","1,6687","1,6348","2,0816","1,6617","1,6836","1,9403","1,8636","2,0547","1,758","2,1487","2,1366","1,6444","1,624","1,4872","1,9546","1,6689","1,8848","1,8754","1,8401","1,5264","1,5268","1,6812","1,715","1,6973","2,0007","1,7493","1,8712","1,8117","1,7034","1,8379","1,8795","2,0056","1,5904","1,716","1,8642","2,2469","1,5969","1,5969","2,6385"
487,"1,5503","1,2804","1,4212","1,5155","1,4688","1,3183","1,2879","1,5673","1,3662","1,3673","1,6993","1,6157","1,6501","1,5589","1,8748","1,891","1,3009","1,3556","1,1573","1,6694","1,4722","1,6676","1,5844","1,662","1,2115","1,3075","1,4563","1,4782","1,3896","1,6649","1,4511","1,5904","1,4886","1,4058","1,5209","1,5338","1,6124","1,3541","1,4779","1,6273","2,1055","1,2307","1,2307","2,3662"
488,"0,9584","0,8994","0,9873","1,0545","0,9906","0,8633","0,865","1,1011","0,942","0,9792","1,1604","1,1427","1,0303","1,017","1,2931","1,2405","0,9247","0,8923","0,833","1,173","1,0186","1,0732","1,0501","1,1085","0,8283","0,8751","0,9888","0,9684","0,9598","1,1646","0,9519","1,0997","1,0113","1,0477","1,0054","1,0547","1,1175","0,972","0,9901","1,1033","1,1541","0,8387","0,8387","1,6477"
489,"0,7874","0,7784","0,8733","0,9746","0,7669","0,7656","0,742","0,9247","0,7918","0,8639","0,965","0,9811","0,9375","0,7805","1,0247","0,9932","0,801","0,7263","0,7361","0,853","0,771","0,9093","0,938","0,8987","0,7146","0,7267","0,7733","0,7722","0,7909","0,8747","0,783","0,8622","0,8257","0,8037","0,8559","0,8454","0,9284","0,7787","0,8123","0,9002","1,2962","0,7359","0,7359","1,3532"
490,"0,7652","0,7013","0,765","0,8814","0,6514","0,7256","0,6374","0,7612","0,6775","0,7861","0,8689","0,879","0,8215","0,6862","0,7846","0,8031","0,6792","0,6502","0,6439","0,6931","0,632","0,8011","0,8002","0,7738","0,6239","0,6572","0,7028","0,6908","0,6411","0,7678","0,7212","0,7327","0,7051","0,6347","0,7435","0,7091","0,8098","0,679","0,7246","0,779","1,2075","0,6074","0,6074","1,0482"
491,"0,8807","0,6969","0,6503","0,7895","0,6332","0,6159","0,5604","0,6935","0,6123","0,6203","0,6587","0,7222","0,8897","0,799","0,6273","0,8203","0,5668","0,6877","0,5241","0,6344","0,6259","0,6324","0,6781","0,6355","0,5686","0,5959","0,5668","0,5915","0,6122","0,7249","0,5845","0,6552","0,5541","0,5379","0,601","0,6107","0,6846","0,5831","0,6612","0,7313","1,188","0,591","0,591","0,9491"
492,"0,9017","0,6834","0,6554","0,8071","0,6987","0,6578","0,6191","0,7049","0,652","0,6733","0,7895","0,7202","0,8937","0,8666","0,7822","0,9599","0,6022","0,7191","0,5634","0,7632","0,6883","0,7285","0,7081","0,7414","0,6116","0,6836","0,7249","0,7284","0,6406","0,8635","0,6576","0,7376","0,6653","0,6101","0,6824","0,7005","0,7361","0,6781","0,6964","0,7427","0,8904","0,5684","0,5684","0,7795"
493,"0,8195","0,6977","0,7013","0,8136","0,6873","0,6849","0,6368","0,6943","0,7311","0,7848","0,8429","0,789","0,9249","0,7916","0,8849","1,0571","0,6464","0,7149","0,6439","0,859","0,7031","0,8314","0,7671","0,8137","0,637","0,6754","0,7983","0,7775","0,6719","0,8635","0,7324","0,7874","0,7036","0,6379","0,7386","0,7458","0,7628","0,7329","0,7436","0,8005","0,768","0,6478","0,6478","0,7551"
494,"0,7404","0,7202","0,7207","0,8163","0,6877","0,6739","0,6342","0,6948","0,7536","0,8419","0,7949","0,8162","0,9598","0,7029","0,8768","0,9368","0,6322","0,6448","0,6356","0,8595","0,6905","0,8345","0,7687","0,8219","0,6484","0,6712","0,9262","0,8259","0,6386","0,8279","0,8256","0,8091","0,7434","0,6592","0,7159","0,748","0,7496","0,7313","0,7687","0,8464","0,7047","0,7173","0,7173","0,8399"
495,"0,6433","0,7711","0,6536","0,7765","0,6699","0,679","0,5926","0,7334","0,7578","0,8757","0,7845","0,8367","0,8774","0,6276","0,8662","0,8789","0,5889","0,5817","0,6158","0,7851","0,6746","0,7899","0,7769","0,8087","0,6235","0,6548","0,9472","0,8471","0,5816","0,7505","0,8581","0,7884","0,6974","0,6108","0,6688","0,7126","0,7387","0,686","0,7813","0,8764","0,62","0,7269","0,7269","0,8381"
496,"0,7465","1,1968","0,8765","1,108","0,709","0,8469","0,6352","0,8811","1,1887","1,0096","0,8676","1,0906","1,191","0,7246","0,8774","1,1919","0,7123","0,6237","0,6935","0,7695","0,768","0,8557","0,977","0,8932","0,678","0,8334","1,3146","1,1358","0,832","1,2075","1,4783","1,2286","0,86","0,8063","0,8884","0,9518","1,0411","0,8211","1,0604","1,2327","0,7425","1,0895","1,0895","1,1051"
497,"0,5435","0,6063","0,6233","0,6323","0,5784","0,5366","0,5174","0,5935","0,6277","0,7417","0,626","0,6912","0,6344","0,5368","0,64","0,6642","0,5556","0,5418","0,5622","0,6084","0,5572","0,6087","0,5859","0,6055","0,5209","0,5813","0,6477","0,6363","0,5485","0,573","0,6293","0,6138","0,5771","0,612","0,5573","0,6057","0,6301","0,661","0,6453","0,6809","0,5713","0,5578","0,5578","0,8333"
498,"0,6605","0,6979","0,7321","0,7317","0,6948","0,6513","0,6424","0,694","0,7877","0,9486","0,8075","0,8796","0,7455","0,6713","0,7533","0,7928","0,673","0,6706","0,7067","0,7224","0,659","0,7447","0,6836","0,7458","0,644","0,7002","0,7849","0,7541","0,7002","0,6849","0,7762","0,7349","0,7106","0,7645","0,6806","0,7446","0,7594","0,7632","0,7375","0,7838","0,6784","0,6759","0,6759","0,9479"
499,"0,932","0,9431","0,8956","0,9909","0,9549","0,9944","0,8936","0,9872","1,0197","1,1289","1,1022","1,1148","1,1472","1,0421","1,072","1,1377","0,9109","0,9207","0,9558","1,0171","0,8268","0,9455","0,8471","1,0722","0,9293","0,9662","0,9988","1,1541","0,961","0,987","0,9863","1,0072","1,0181","1,0181","0,9989","1,1108","1,1507","0,9395","0,8563","1,0168","0,8781","0,92","0,92","1,0831"
500,"1,1064","1,2978","1,0901","1,2225","1,1917","1,2303","1,0928","1,2393","1,1989","1,1815","1,2641","1,2287","1,6507","1,3452","1,2897","1,4932","1,0646","1,1281","1,1471","1,2845","0,9999","1,0776","0,9637","1,0591","1,2292","1,1642","1,1784","1,479","1,1072","1,3163","1,2781","1,3448","1,3849","1,2686","1,1968","1,56","1,4586","1,0867","1,0432","1,2343","1,0767","1,1962","1,1962","1,2931"
501,"0,7807","1,0928","0,7544","0,9217","1,037","0,9713","0,9923","1,0453","0,7729","1,1781","0,9553","1,1146","1,3654","1,0891","0,9772","1,215","0,8771","0,9231","1,2346","1,1562","0,8136","0,9904","0,941","1,069","1,0016","0,9753","1,0929","1,1862","0,7304","0,9601","1,2314","1,0682","1,201","1,1845","0,7751","1,3445","1,155","0,8603","0,9056","1,0048","0,7878","1,0743","1,0743","1,1341"
502,"0,9364","1,1116","0,8438","1,0045","1,0201","0,959","0,9312","0,9872","0,7663","1,0768","0,8726","0,9597","1,3506","1,0464","1,0177","1,197","0,9224","0,9122","1,1925","1,1358","0,799","0,9604","0,9109","0,9887","0,9636","1,0887","1,0501","1,1905","0,7337","0,9006","1,1482","1,0033","1,3324","1,4212","0,8027","1,5219","1,0471","0,9041","0,8518","0,9698","0,9092","1,1432","1,1432","1,1751"
503,"0,9822","1,0812","0,811","1,0084","0,9628","0,9093","0,8302","0,9275","0,7368","1,0379","0,8086","0,9112","1,2592","1,0602","1,0608","1,1924","0,8393","0,8999","1,1366","1,0977","0,7594","0,871","0,9009","0,8801","0,9065","1,0098","0,9924","1,1199","0,6996","0,8858","1,1057","0,9478","1,3353","1,2974","0,8119","1,4247","0,9472","0,9039","0,8082","0,9217","0,9524","1,2454","1,2454","1,252"
504,"1,0636","0,9557","0,7946","0,9711","0,8584","0,8163","0,7142","0,8352","0,7324","0,9111","0,8537","0,8697","0,9232","0,8922","1,0348","1,005","0,7725","0,8881","1,1116","1,0939","0,7439","0,8065","0,8548","0,7981","0,7422","0,76","0,7906","0,9001","0,7029","0,8221","0,8447","0,8262","1,3523","1,2125","0,8467","1,2589","0,8435","0,9244","0,7993","0,8896","1,0222","1,1918","1,1918","1,2235"
505,"0,8426","0,6865","0,647","0,7565","0,6809","0,6382","0,5749","0,6582","0,5883","0,7498","0,6932","0,7189","0,715","0,6879","0,8118","0,7858","0,6285","0,7571","0,7368","0,842","0,6106","0,6788","0,6796","0,6777","0,5743","0,621","0,6616","0,7039","0,5643","0,67","0,6668","0,696","0,8161","0,777","0,6922","0,8367","0,6919","0,6821","0,6317","0,7009","0,7377","0,8007","0,8007","0,9879"
506,"0,5094","0,5313","0,489","0,5498","0,513","0,4772","0,4481","0,5059","0,4567","0,5491","0,5055","0,5278","0,5791","0,5501","0,6205","0,6257","0,5175","0,4999","0,5419","0,5859","0,508","0,5562","0,541","0,5535","0,455","0,5481","0,5865","0,5773","0,4454","0,5235","0,5751","0,5356","0,6753","0,6735","0,5076","0,6446","0,5398","0,5484","0,4785","0,5514","0,5504","0,5437","0,5437","0,8143"
507,"0,3933","0,4149","0,4251","0,4429","0,4354","0,4169","0,3734","0,4412","0,3842","0,4687","0,4258","0,4611","0,4753","0,4254","0,5122","0,4884","0,4402","0,4259","0,4326","0,484","0,4446","0,4793","0,4511","0,4894","0,3891","0,4329","0,4809","0,4611","0,3907","0,4511","0,4718","0,4638","0,5198","0,506","0,4344","0,5002","0,4585","0,4587","0,4","0,4608","0,4512","0,4115","0,4115","0,7066"
508,"0,4109","0,4078","0,4216","0,4459","0,4197","0,4121","0,3837","0,4391","0,3998","0,4446","0,4145","0,4619","0,4402","0,4076","0,4839","0,4602","0,4171","0,4234","0,4397","0,4669","0,4375","0,4638","0,4769","0,4787","0,3859","0,4191","0,4546","0,4296","0,3982","0,4496","0,4866","0,4752","0,5022","0,4679","0,4248","0,4797","0,4523","0,4254","0,3984","0,4484","0,441","0,4134","0,4134","0,6475"